{
	"$schema": "https://raw.githubusercontent.com/martinring/tmlanguage/master/tmlanguage.json",
	"name": "pdl",
	"patterns": [
		{
			"include": "#comments"
		},
		{
			"include": "#variables"
		},
		{
			"name": "punctuation.definition.tag.pdl",
			"match": ":="
		},
		{
			"include": "#numerics"
		},
		{
			"include": "#strings"
		},
		{
			"include": "#arrays"
		},
		{
			"name": "punctuation.definition.tag.pdl",
			"match": ";"
		}
	],
	"repository": {
		"comments": {
			"name": "comment.line.double-dash.pdl",
			"begin": "--",
			"end": "(?=\\n)"
		},
		"numerics": {
			"name": "constant.numeric",
			"match": "\\b([-+]?\\d*\\.?\\d+)(?:[eE]([-+]?\\d+))?\\b"
		},
		"strings": {
			"name": "string.quoted.double.pdl",
			"captures": {
				"1": {
					"name": "punctuation.definition.tag.pdl"
				},
				"2": {
					"name": "punctuation.definition.tag.pdl"
				}
			},
			"match": "(\")[^\"]*(\")"
		},
		"variables": {
			"name": "variable.regular.pdl",
			"comment": "1=error_stack, 2=object, 3=., 4=entity_kind, 5=adm_, 6=attribute",
			"captures": {
				"1": {
					"name": "keyword.control.pdl"
				},
				"2": {
					"name": "entity.name.tag.localname.pdl"
				},
				"3": {
					"name": "punctuation.definition.tag.pdl"
				},
				"4": {
					"name": "keyword.control.pdl"
				},
				"5": {
					"name": "comment.line.double-dash.pdl"
				},
				"6": {
					"name": "entity.other.attribute-name.localname.pdl"
				}
			},
			"match": "^(?:(_error_stack)|([\\w_/\\[\\]]+)(?:(\\.)(?:(entity_kind)|(adm_[\\w_/\\[\\]]+)|([\\w_/\\[\\]]+)))?)"
		},
		"arrays": {
			"name": "meta.structure.array.pdl",
			"begin": "\\(",
			"beginCaptures": {
				"0": {
					"name": "punctuation.definition.tag.pdl"
				}
			},
			"end": "\\)",
			"endCaptures": {
				"0": {
					"name": "punctuation.definition.tag.pdl"
				}
			},
			"patterns": [
				{
					"include": "#strings"
				},
				{
					"include": "#numerics"
				},
				{
					"include": "#comments"
				},
				{
					"match": ",",
					"name": "punctuation.definition.tag.pdl"
				}
			]
		}
	},
	"scopeName": "source.pdl"
}